Sens,Spec,Accuracy
1.0,0.820505050505051,0.8222999999999998
1.0,0.9511111111111111,0.9516
1.0,0.9139797979797981,0.91484
1.0,0.9773737373737371,0.9776
