Sens,Spec,Accuracy,Tests
1.0,0.9124040404040408,0.9132800000000004,32.0
1.0,0.7277551020408167,0.7332,32.0
1.0,0.8350309278350513,0.8399800000000001,64.0
