Sens,Spec,Accuracy
1.0,0.898020202020202,0.8990400000000001
1.0,0.6859591836734693,0.6922399999999999
1.0,0.794515463917525,0.80068
